Código,SKU,Descripción,Descripción ampliada,Tipo de producto/servicio,Importe de compra,Importe de venta
480,,ECCOLE 9GRS,,Productos ,"$ 2.732,27","$3.306,05 "
523,,FASTIX 25GRS,,Productos ,"$ 2.662,31","$3.221,39 "
489,,LA GOTITA 2ML,,Productos ,"$ 1.314,93","$1.591,06 "
546,,LA GOTITA GEL 3GRS,,Productos ,"$ 1.369,72","$1.657,36 "
866,,PARCHE DINI Nº4,,Productos ,"$ 1.797,68","$2.175,19 "
490,,PARCHES DINI Nº 3,,Productos ,"$ 1.934,88","$2.341,21 "
565,,POXILINA 70GRS,,Productos ,"$ 3.093,71","$3.743,39 "
577,,POXIPOL 14ML,,Productos ,"$ 3.099,88","$3.750,86 "
576,,POXIPOL TRANS 14ML,,Productos ,"$ 3.099,88","$3.750,86 "
564,,POXI-RAN 25ML,,Productos ,"$ 2.227,80","$2.695,64 "
491,,SOLUCION BIC. DINI X5U,,Productos ,"$ 6.117,07","$7.401,65 "
532,,UNIPOX UNIVERSAL 25ML,,Productos ,"$ 1.109,45","$1.342,43 "
561,,VOLIGOMA 30ML 12U,,Productos ,"$ 755,76","$914,47 "
465,,PALILLERO DE MESA 12U,,Productos ,"$ 3.715,02","$4.495,18 "
230,,ALF. AGUILA 72GRS,,Productos ,"$ 861,11","$1.041,94 "
229,,ALF. BLOCK 60GRS,,Productos ,"$ 861,11","$1.041,94 "
228,,ALF. BON O BOM 60GRS,,Productos ,"$ 861,11","$1.041,94 "
394,,ALF. TATIN SIMPLE 33GRS BLANCO,,Productos ,"$ 261,17","$316,02 "
830,,ALF. TATIN SIMPLE 33GRS NEGRO,,Productos ,"$ 261,17","$316,02 "
826,,ALF. TATIN TRIPLE 60GRS BLANCO,,Productos ,"$ 510,91","$618,20 "
501,,ALF. TATIN TRIPLE 60GRS NEGRO,,Productos ,"$ 516,67","$625,17 "
800,,ALF. TOFI TRIPLE 73 GRS BLANCO,,Productos ,"$ 861,11","$1.041,94 "
801,,ALF. TOFI TRIPLE 73GRS NEGRO,,Productos ,"$ 861,11","$1.041,94 "
543,,BARRITAS CEREAL MIX ARCOR 26GRS 20U,,Productos ,"$ 487,61","$590,01 "
848,,BOC. CABSHA ACRILICO 10GRS 18U,,Productos ,"$ 0,83","$1,00 "
738,,BOMB. ARCOR EL KIOSCO EN CASA 228GRS,,Productos ,"$ 5.494,88","$6.648,81 "
344,,BOMB. ARCOR SELECCION  247GRS,,Productos ,"$ 5.087,84","$6.156,29 "
919,,BOMB. BON O BON 15GRS 18U AGUILA,,Productos ,"$ 4.893,48","$5.921,11 "
918,,BOMB. BON O BON 15GRS 18U CHOCOLINAS,,Productos ,"$ 4.893,48","$5.921,11 "
920,,BOMB. BON O BON 15GRS 18U COCO,,Productos ,"$ 4.348,23","$5.261,36 "
231,,BOMB. BON O BON 15GRS 30U,,Productos ,"$ 269,14","$325,66 "
963,,BOMB. BON O BON SURTIDOS 255GRS,,Productos ,"$ 5.435,25","$6.576,65 "
232,,BUTTER TOFFEE 822GRS,,Productos ,"$ 6.255,94","$7.569,69 "
613,,CAR. FIZZ FRUTADO X48U,,Productos ,"$ 151,30","$183,07 "
392,,CAR. MENTA Y CHOCOLATE ARCOR 715GRS,,Productos ,"$ 5.474,75","$6.624,45 "
441,,CARAMELO MIEL ARCOR 675GRS,,Productos ,"$ 5.474,75","$6.624,45 "
575,,CHOC TOFI CLASICO 55GRS 15U,,Productos ,"$ 399,85","$483,82 "
850,,CHOC. AGUILA TAZA 150GRS,,Productos ,"$ 701,12","$848,35 "
551,,CHOC. ARCOR 95GRS,,Productos ,"$ 2.190,07","$2.649,99 "
350,,CHOC. COFLER AIR,,Productos ,"$ 1.910,11","$2.311,23 "
345,,CHOC. COFLER BLOCK 11OGRS,,Productos ,"$ 2.434,50","$2.945,75 "
524,,CHOC. COFLER BLOCK 170GRS,,Productos ,"$ 4.485,65","$5.427,64 "
635,,CHOC. COFLER BLOCK 170GRS MITI-MITI,,Productos ,"$ 4.485,65","$5.427,64 "
853,,CHOC. COFLER BLOCK 300GRS,,Productos ,"$ 4.820,34","$5.832,61 "
346,,CHOC. COFLER BLOCK 38GRS,,Productos ,"$ 940,25","$1.137,70 "
736,,CHOC. TOFI CLASICO 28GRS 25U,,Productos ,"$ 100,72","$121,87 "
589,,CHOC.MILK TABLET X20U,,Productos ,"$ 38,80","$46,95 "
442,,CHOCOLATE AGUILA POUCH X150GRS,,Productos ,"$ 2.148,00","$2.599,08 "
443,,CHOCOLATE AGUILA TAZA 100GRS,,Productos ,"$ 3.098,76","$3.749,50 "
531,,CHOCOLATE COFLER 55GRS,,Productos ,"$ 1.687,77","$2.042,20 "
391,,CHUP. EVOLUTION C/CHICLE 18GRS 24U,,Productos ,"$ 3.131,28","$3.788,85 "
609,,CHUP. MR POPS FRUTAL ARCOR 50U,,Productos ,"$ 3.965,43","$4.798,17 "
689,,CHUP. TROMPITO 11GRS 50U FRUTA,,Productos ,"$ 3.965,43","$4.798,17 "
233,,CONF. ROCKLETS 20GRS 24U,,Productos ,"$ 10.926,36","$13.220,90 "
944,,CONF. ROCKLETS 500GRS,,Productos ,"$ 7.088,93","$8.577,61 "
444,,DIVERSION 400GRS,,Productos ,"$ 1.520,57","$1.839,89 "
775,,FRESH CRISTAL ARCOR 405GRS,,Productos ,"$ 2.613,02","$3.161,76 "
805,,GALL. FORMIS 102GRS VAIN/CHOC,,Productos ,"$ 743,59","$899,74 "
806,,GALL. MACUCAS 110GRS,,Productos ,"$ 646,66","$782,46 "
804,,GALL. MANA 136GRS VAINILLA,,Productos ,"$ 676,10","$818,08 "
811,,GALL. MANA RELLENAS 152GRS CHOC/VAI,,Productos ,"$ 946,26","$1.144,98 "
812,,GALL. MANA RELLENAS 152GRS VAIN/FRUTILLA,,Productos ,"$ 946,26","$1.144,98 "
451,,GALL. SALADIX 100GRS CAJA,,Productos ,"$ 927,09","$1.121,78 "
769,,GALL. SALADIX 30GRS TIRA 6U,,Productos ,"$ 2.685,09","$3.248,96 "
814,,GALL. TORTITAS BLACK 125GRS,,Productos ,"$ 252,02","$304,94 "
936,,GOM. MOGUL CEREBRITOS 30GRS 12U,,Productos ,"$ 3.888,24","$4.704,77 "
742,,GOM. MOGUL CONITOS YOGUS 500GRS,,Productos ,"$ 3.498,88","$4.233,65 "
370,,GOM. MOGUL DIENTE 5OOGRS,,Productos ,"$ 4.307,20","$5.211,71 "
935,,GOM. MOGUL DIENTITOS 50GRS 10U,,Productos ,"$ 5.327,86","$6.446,71 "
949,,GOM. MOGUL EXTREME OSO 500GRS,,Productos ,"$ 4.046,18","$4.895,88 "
797,,GOM. MOGUL EXTREME OSO 50GRS 10U,,Productos ,"$ 5.671,59","$6.862,62 "
799,,GOM. MOGUL EXTREME ROCKS 45GRS 10U,,Productos ,"$ 5.671,59","$6.862,62 "
798,,GOM. MOGUL EXTREME SANDIA ACIDA 5OGRS 10U,,Productos ,"$ 5.671,59","$6.862,62 "
747,,GOM. MOGUL EXTREME TUBITOS 20GRS 16U FRUTILLA,,Productos ,"$ 3.679,73","$4.452,47 "
824,,GOM. MOGUL FRUTILLA ACIDA 500GRS,,Productos ,"$ 4.307,20","$5.211,71 "
796,,GOM. MOGUL FRUTILLA Y CREMA 500GRS,,Productos ,"$ 4.307,20","$5.211,71 "
597,,GOM. MOGUL GUSANITOS ACIDOS 500GRS,,Productos ,"$ 4.307,20","$5.211,71 "
243,,GOM. MOGUL MORAS 500GRS,,Productos ,"$ 4.307,20","$5.211,71 "
934,,GOM. MOGUL MORITAS 50GRS 10U,,Productos ,"$ 5.327,86","$6.446,71 "
937,,GOM. MOGUL OSITOS 30GRS 12U,,Productos ,"$ 3.888,24","$4.704,77 "
702,,GOM. MOGUL OSITOS 500GRS,,Productos ,"$ 4.307,20","$5.211,71 "
938,,GOM. MOGUL PIECITOS 30GRS 12U,,Productos ,"$ 3.888,24","$4.704,77 "
712,,GOM. MOGUL SANDIA 500GRS,,Productos ,"$ 4.307,20","$5.211,71 "
939,,GOM. MOGUL TIBURONCITOS 30GRS 12U,,Productos ,"$ 3.888,24","$4.704,77 "
620,,GOM.MOGUL ANILLO 1KG,,Productos ,"$ 6.861,02","$8.301,84 "
810,,HUEVO DE PASCUA COFLER BLOCKAZO 1KG,,Productos ,"$ 0,83","$1,01 "
883,,MEDIA TARDE CLASICA 105GRS,,Productos ,"$ 218,05","$263,84 "
440,,MENTA CRISTAL ARCOR 810GRS,,Productos ,"$ 7.280,89","$8.809,88 "
322,,MENTHOPLUS X12,,Productos ,"$ 3.740,48","$4.525,98 "
244,,OBLEA BON O BOM X20U,,Productos ,"$ 491,99","$595,31 "
481,,SAQUITO FRUTAL ARCOR 810GRS,,Productos ,"$ 5.413,66","$6.550,53 "
359,,TOPLINE SEVEN,,Productos ,"$ 7.605,67","$9.202,86 "
358,,TOPLINE TABLETA 20U,,Productos ,"$ 4.607,70","$5.575,32 "
395,,CHOCOLINA BAGLEY 250GRS,,Productos ,"$ 1.528,78","$1.849,82 "
529,,GALL. MERENGADAS 93GRS,,Productos ,"$ 811,04","$981,36 "
530,,GALL. RUMBA 112GRS,,Productos ,"$ 811,04","$981,36 "
528,,GALL. SONRISAS 180GRS,,Productos ,"$ 811,04","$981,36 "
807,,OBLEA OPERA 55GRS,,Productos ,"$ 460,12","$556,75 "
445,,SURTIDO BAGLEY 400GRS,,Productos ,"$ 1.858,58","$2.248,88 "
860,,GOM. FUNDIPPERZ FRUTAL + GEL ACIDO,,Productos ,"$ 0,83","$1,00 "
588,,PUSH POP CHUPETIN 15GRS 20U,,Productos ,"$ 417,64","$505,35 "
771,,RING POP CHUPETIN 10GRS 24U,,Productos ,"$ 6.121,52","$7.407,04 "
744,,RING POP CHUPETIN 14GRS 12U,,Productos ,"$ 3.060,76","$3.703,52 "
545,,ENCENDEDOR BIC MINI,,Productos ,"$ 667,27","$807,40 "
513,,ENCENDEDORES BIC MAXI,,Productos ,"$ 896,25","$1.084,46 "
341,,BILLIKEN MASTICABLE 600GRS,,Productos ,"$ 2.680,69","$3.243,64 "
930,,BULL DOG REGALIZ 18GRS DISPLAY 12U,,Productos ,"$ 2.248,03","$2.720,12 "
219,,PASTILLA LA YAPA X36U,,Productos ,"$ 231,41","$280,01 "
855,,CHIC. BLUPER BOLON TIRA 30 X 4U,,Productos ,"$ 6.382,33","$7.722,62 "
861,,CHIC. BLUPER CONFITE CAJITA LOCA 6U,,Productos ,"$ 2.689,69","$3.254,53 "
858,,CHIC. BLUPER HUEVO MEDIANO 400GRS,,Productos ,"$ 2.925,27","$3.539,58 "
857,,CHIC. BLUPER MAXI FRUTAS 30U,,Productos ,"$ 2.925,27","$3.539,58 "
859,,CHIC. BLUPER PELOTA TENIS 400GRS,,Productos ,"$ 2.925,27","$3.539,58 "
856,,CHIC. BLUPER PERLAS DE UNICORNIOS 30 X 4U,,Productos ,"$ 6.382,33","$7.722,62 "
863,,CHIC. BLUPER TIZA 400GRS,,Productos ,"$ 2.925,27","$3.539,58 "
664,,ALMENDRAS VIZZIO C/CHOC. 72GRS 20U,,Productos ,"$ 480,60","$581,52 "
652,,CEREAL VIZZIO C/ CHOC. 72GRS X20U,,Productos ,"$ 346,02","$418,68 "
614,,CHOC. VIZZIO TABLETA 165GRS X10U,,Productos ,"$ 154,46","$186,90 "
605,,CHOC. VIZZIO TABLETA X85GRS,,Productos ,"$ 278,94","$337,52 "
854,,MANI C/ CHOCOLATE VIZZIO 72GRS,,Productos ,"$ 297,97","$360,54 "
624,,CHIC. OPEN CANDY GUMBAL 7U 18TIRAS,,Productos ,"$ 0,83","$1,00 "
845,,CHIC. OPEN CANDY GUMBALLS 4U 18 TIRAS,,Productos ,"$ 0,83","$1,00 "
226,,CHUP. SUPER TATTO 600GRS 50U,,Productos ,"$ 3.926,43","$4.750,98 "
408,,CARAMENTOL 750GRS,,Productos ,"$ 3.955,38","$4.786,01 "
477,,NAIPE HABANA X40U,,Productos ,"$ 1.531,82","$1.853,50 "
476,,NAIPE HABANA X50U,,Productos ,"$ 1.971,14","$2.385,08 "
424,,BOMBUCHAS 100U GLOBITOS P/AGUA,,Productos ,"$ 853,34","$1.032,54 "
111,,AGRIDULCE DON SATUR 200GRS,,Productos ,"$ 627,72","$759,54 "
647,,BUDINES DON SATUR 190GRS,,Productos ,"$ 973,07","$1.177,41 "
112,,GRASITAS DON SATUR 200GRS,,Productos ,"$ 627,72","$759,54 "
366,,MAGDALENAS DON SATUR 200GRS,,Productos ,"$ 1.377,76","$1.667,09 "
113,,NEGRITAS DON SATUR 200GRS,,Productos ,"$ 627,72","$759,54 "
668,,PAN D. DON SATUR C/ CHIPS DE CHOCOLATE X400GRS,,Productos ,"$ 2.131,32","$2.578,90 "
648,,PAN D. DON SATUR C/FRUTA X400GRS,,Productos ,"$ 2.131,32","$2.578,90 "
777,,PAN D. DON SATUR S/ FRUTAS,,Productos ,"$ 1.918,19","$2.321,01 "
942,,PAN D. EL MUELLE C/ FRUTAS 400GRS,,Productos ,"$ 1.136,27","$1.374,89 "
224,,BAY BISCUIT X140 GRS,,Productos ,"$ 770,40","$932,19 "
55,,AROS DE PAPA SABOR CEBOLLA-CREMA 300 GRS,,Productos ,"$ 3.861,95","$4.672,96 "
50,,TUTUCAS DOS SABLES 1000GRS,,Productos ,"$ 2.869,94","$3.472,63 "
457,,BIZCOCHOS EL REY  CLASICO 160GRS,,Productos ,"$ 970,50","$1.174,31 "
684,,BIZCOCHOS EL REY SABOR MANTECA 160GRS,,Productos ,"$ 970,50","$1.174,31 "
459,,BIZCOCHOS EL REY SABOR PIZZA 170GRS,,Productos ,"$ 970,50","$1.174,31 "
458,,BIZCOCHOS EL REY SABOR QUESO 180GRS,,Productos ,"$ 970,50","$1.174,31 "
966,,ALF. FANTOCHE ELIXIR 70GRS BLANCO,,Productos ,"$ 578,09","$699,49 "
965,,ALF. FANTOCHE ELIXIR 70GRS NEGRO,,Productos ,"$ 578,09","$699,49 "
794,,ALF. FANTOCHE SIMPLE DAY 50GRS,,Productos ,"$ 0,83","$1,01 "
793,,ALF. FANTOCHE SIMPLE NIGHT 50GRS,,Productos ,"$ 0,83","$1,01 "
319,,ALF. FANTOCHE TRIPLE BLANCO 85GRS,,Productos ,"$ 472,07","$571,21 "
146,,ALF. FANTOCHE TRIPLE NEGRO 85GRS,,Productos ,"$ 472,07","$571,21 "
835,,BOC. FANTOCHE 28GRS  RELL DULCE DE LECHE 20U,,Productos ,"$ 3.360,72","$4.066,47 "
928,,BUDIN FANTOCHE 200GRS,,Productos ,"$ 967,07","$1.170,16 "
520,,FANTOCHE ALFAJOR MINI 150GRS,,Productos ,"$ 1.043,93","$1.263,15 "
328,,FANTOCHE ESPUMITA CON MIEL 300GR,,Productos ,"$ 902,48","$1.092,00 "
478,,FANTOCHE HORÓSCOPO 300GRS,,Productos ,"$ 996,38","$1.205,62 "
329,,FANTOCHE MARMOLADAS 350GRS,,Productos ,"$ 953,54","$1.153,78 "
452,,FANTOCHE TAPITAS MAICENA 350GRS,,Productos ,"$ 1.032,35","$1.249,14 "
808,,"FANTOCHE TAPITAS SUELTA 3,5KG",,Productos ,"$ 9.733,25","$11.777,23 "
368,,FANTOCHE YAYITAS 275GR,,Productos ,"$ 996,38","$1.205,62 "
640,,PAN D. FANTOCHE C/CHIPS 400GRS 8U,,Productos ,"$ 2.125,87","$2.572,30 "
641,,PAN D. FANTOCHE C/FRUTAS 4OOGRS 8U,,Productos ,"$ 2.125,87","$2.572,30 "
933,,PAN D. FANTOCHE MARMOLADO 400GRS 8U,,Productos ,"$ 2.067,67","$2.501,88 "
248,,ACTRON 10U,,Productos ,"$ 2.066,03","$2.499,90 "
245,,ACTRON 600 X10U,,Productos ,"$ 4.926,81","$5.961,44 "
246,,ACTRON MUJER X10U,,Productos ,"$ 2.202,91","$2.665,52 "
247,,ACTRON PLUS 8U,,Productos ,"$ 2.776,05","$3.359,02 "
249,,AGUA OXIGENADA VOL10,,Productos ,"$ 465,21","$562,91 "
250,,ALCOHOL PORTA X250 GRS,,Productos ,"$ 88,45","$107,03 "
251,,ALCOHOL X500CC,,Productos ,"$ 235,31","$284,72 "
252,,ALIKAL SOBRE 30U,,Productos ,"$ 581,82","$704,00 "
494,,ALMAXIMO MASTICABLE X2U,,Productos ,"$ 251,76","$304,63 "
253,,AMOXICILINA X8U,,Productos ,"$ 1.108,46","$1.341,24 "
337,,ANAFLEX X20U,,Productos ,"$ 2.146,85","$2.597,69 "
254,,ASPIRINETAS T14U,,Productos ,"$ 621,98","$752,60 "
544,,AZUFRE X5U,,Productos ,"$ 34,44","$41,67 "
258,,BAYASPIRINA,,Productos ,"$ 1.402,81","$1.697,40 "
255,,BAYASPIRINA C 24U,,Productos ,"$ 614,93","$744,06 "
256,,BAYASPIRINA C. CAL X24U,,Productos ,"$ 933,95","$1.130,08 "
257,,BAYASPIRINA FORTE X80U,,Productos ,"$ 63,15","$76,41 "
261,,BUSCAPINA 10U,,Productos ,"$ 4.713,96","$5.703,89 "
259,,BUSCAPINA CTA.REDONDA,,Productos ,"$ 4.563,92","$5.522,34 "
260,,BUSCAPINA PERLA X10U,,Productos ,"$ 3.826,17","$4.629,66 "
263,,CAFIASPIRINA 100U,,Productos ,"$ 1.500,66","$1.815,80 "
262,,CAFIASPIRINA PLUS,,Productos ,"$ 0,10","$0,12 "
483,,CHICLE FEEN A MINT,,Productos ,"$ 2.840,02","$3.436,42 "
474,,COLECTORES VASO PLASTICO,,Productos ,"$ 180,63","$218,56 "
264,,CURITAS X8U,,Productos ,"$ 400,42","$484,51 "
265,,DICLOFENAC X15U,,Productos ,"$ 421,49","$510,00 "
266,,DORIXINA 10U,,Productos ,"$ 1.302,56","$1.576,10 "
267,,GASA SUEZ X10 SOBRES,,Productos ,"$ 2.003,48","$2.424,21 "
536,,GENIOL 1G 8U,,Productos ,"$ 1.102,51","$1.334,04 "
268,,IBU EVANOL ACCION RAPIDA X10U,,Productos ,"$ 1.655,47","$2.003,12 "
269,,IBU EVANOL FORTE X 10U,,Productos ,"$ 2.103,66","$2.545,43 "
270,,IBU EVANOL PLUS X10U,,Productos ,"$ 1.832,74","$2.217,61 "
274,,IBUPIRAC 400,,Productos ,"$ 444,18","$537,46 "
271,,IBUPIRAC 600 10U,,Productos ,"$ 4.157,29","$5.030,32 "
273,,IBUPIRAC MIGRA 10U,,Productos ,"$ 4.136,30","$5.004,92 "
275,,IBUPROFENO 400,,Productos ,"$ 597,80","$723,34 "
276,,IBUPROFENO 600,,Productos ,"$ 834,97","$1.010,31 "
304,,KETEROLAC,,Productos ,"$ 479,07","$579,67 "
547,,MANTECA CACAO DISMAR,,Productos ,"$ 82,63","$99,98 "
277,,MEJORALITO PARA NIÑOS X20U,,Productos ,"$ 1.845,48","$2.233,03 "
279,,MIGRAL CTO X10U,,Productos ,"$ 3.342,29","$4.044,17 "
278,,MIGRAL RED 500 10U,,Productos ,"$ 3.206,29","$3.879,61 "
467,,MILANTA,,Productos ,"$ 2.212,43","$2.677,04 "
280,,NEXT X10U,,Productos ,"$ 3.472,26","$4.201,43 "
281,,NOVALGINA X10U,,Productos ,"$ 4.655,32","$5.632,94 "
335,,OMEPRASOL,,Productos ,"$ 651,92","$788,82 "
282,,PASTILLA DE CARBON X10U,,Productos ,"$ 819,04","$991,04 "
283,,QUITAESMALTE CUTEX,,Productos ,"$ 1.103,36","$1.335,07 "
284,,QURAPLUS,,Productos ,"$ 2.814,49","$3.405,53 "
336,,REFRIANEX 20U,,Productos ,"$ 2.613,98","$3.162,91 "
285,,SERTAL CTO X10U,,Productos ,"$ 4.601,98","$5.568,40 "
286,,SERTAL PERLA 10U,,Productos ,"$ 3.210,88","$3.885,16 "
300,,SUERO FISIOLOGICO 100ML,,Productos ,"$ 512,59","$620,23 "
289,,TAFIROL 500GRS 10U,,Productos ,"$ 1.728,15","$2.091,06 "
287,,TAFIROL FORTE,,Productos ,"$ 1.794,94","$2.171,88 "
288,,TAFIROL PLUS ACCION RAPIDA X8U,,Productos ,"$ 2.095,40","$2.535,43 "
290,,TE VIC X50,,Productos ,"$ 1.266,66","$1.532,66 "
292,,UVASAL 15U LIMON / NARANJA,,Productos ,"$ 666,23","$806,14 "
291,,UVASAL X15,,Productos ,"$ 720,71","$872,06 "
673,,VIRIPOTENS 50 X2U,,Productos ,"$ 251,76","$304,63 "
462,,BARRA DE CEREAL FORT 24U,,Productos ,"$ 424,94","$514,18 "
563,,BOTELLITAS DE LICOR X20U,,Productos ,"$ 2.834,68","$3.429,96 "
722,,CERICET FELFORT 24U,,Productos ,"$ 18.657,58","$22.575,67 "
507,,CHOC JACK NEGRO X20U,,Productos ,"$ 209,71","$253,75 "
150,,CHOC. CON LECHE Y MANI FELFORT X75GRS,,Productos ,"$ 3.203,97","$3.876,80 "
550,,CHUPELATIN FELFORT X32U,,Productos ,"$ 833,60","$1.008,66 "
149,,DOS CORAZONES X20U,,Productos ,"$ 950,13","$1.149,66 "
152,,FEELING X30U,,Productos ,"$ 494,46","$598,30 "
157,,JACKELINE 15U,,Productos ,"$ 10.661,97","$12.900,98 "
153,,KOOKY BON X30U,,Productos ,"$ 8.043,57","$9.732,72 "
522,,LICORITAS FELFORT 25U,,Productos ,"$ 18.574,52","$22.475,17 "
154,,MARROC X60U,,Productos ,"$ 540,34","$653,81 "
535,,MEDALLON D. LECHE X20U FELFORT,,Productos ,"$ 14.096,83","$17.057,16 "
155,,MENTITAS FELFORT X30U,,Productos ,"$ 13.157,54","$15.920,62 "
151,,MONEDAS PIRATAS/ EMOJI X60U,,Productos ,"$ 299,44","$362,32 "
778,,NOBEL X 15U,,Productos ,"$ 1.277,60","$1.545,90 "
156,,PARAGUITAS X40U,,Productos ,"$ 547,04","$661,92 "
506,,TIVIS FELFORT X20U,,Productos ,"$ 722,34","$874,03 "
971,,BOMB. RAFFAELLO 3U COCO Y ALMENDRAS,,Productos ,"$ 1.390,83","$1.682,91 "
566,,FERRERO ROCHER 3U,,Productos ,"$ 1.768,12","$2.139,43 "
776,,HUEVO KINDER JOY 20GRS 12U MIXTO,,Productos ,"$ 1.396,53","$1.689,80 "
558,,HUEVO KINDER SORPRESA 20GRS 12U,,Productos ,"$ 1.269,08","$1.535,59 "
583,,KINDER BUENO 43GRS 30U,,Productos ,"$ 1.728,53","$2.091,52 "
822,,KINDER MAXI 21GRS 10U,,Productos ,"$ 6.898,47","$8.347,15 "
584,,KINDER TABLETA X4U,,Productos ,"$ 1.432,83","$1.733,72 "
623,,NUTELLA 14OGRS 10U,,Productos ,"$ 2.592,82","$3.137,31 "
955,,NUTELLA 350GRS,,Productos ,"$ 5.800,01","$7.018,01 "
833,,PAST. TIC TAC 12U FRUTILLA,,Productos ,"$ 5.629,10","$6.811,21 "
464,,PAST. TIC TAC 12U MENTA,,Productos ,"$ 5.629,10","$6.811,21 "
831,,PAST. TIC TAC 12U MENTA FUERTE,,Productos ,"$ 5.629,10","$6.811,21 "
834,,PAST. TIC TAC 12U MIX DE FRUTAS,,Productos ,"$ 5.629,10","$6.811,21 "
832,,PAST. TIC TAC 12U NARANJA,,Productos ,"$ 5.629,10","$6.811,21 "
222,,PREST. GILLETTE II FILOS,,Productos ,"$ 1.055,55","$1.277,21 "
220,,PREST. GILLETTE III FILOS PIEL SENSIBLE,,Productos ,"$ 1.614,64","$1.953,72 "
311,,PREST. MINORA,,Productos ,"$ 906,88","$1.097,32 "
695,,NIEVE NASHVILLE 320GRS 12U,,Productos ,"$ 1.126,45","$1.363,01 "
677,,MALVADISCO BUFFYS 45OGRS,,Productos ,"$ 3.166,33","$3.831,26 "
342,,MALVAVISCO BUFFYS X12GRS,,Productos ,"$ 138,70","$167,83 "
745,,CHOC. GEORGALOS FULL MANI 100GRS 30U,,Productos ,"$ 0,83","$1,00 "
169,,FLYNN PAFF 8GRS 70U,,Productos ,"$ 3.466,92","$4.194,97 "
611,,LENGUETAZO TUTTI FRUTTI,,Productos ,"$ 124,55","$150,70 "
171,,MANTECOL 111GRS,,Productos ,"$ 1.421,27","$1.719,74 "
172,,MANTECOL 40GRS,,Productos ,"$ 660,75","$799,51 "
495,,ARITOS FRUTALES 2500GRS,,Productos ,"$ 9.220,53","$11.156,84 "
466,,ARITOS FRUTALES X130 GRS,,Productos ,"$ 794,81","$961,72 "
378,,BALONCITO CHOCOLATADOS X150GRS,,Productos ,"$ 905,92","$1.096,16 "
950,,COPOS DE MAIZ GRANEL 3000GRS,,Productos ,"$ 6.760,30","$8.179,96 "
679,,COPOS DE MAIZ S/ AZUCAR 3000GRS,,Productos ,"$ 602,63","$729,18 "
402,,COPOS DE MAIZ S/AZUCAR,,Productos ,"$ 662,94","$802,16 "
386,,FRUTIGRAM AVENA Y CHIA,,Productos ,"$ 892,81","$1.080,30 "
502,,FRUTIGRAM AVENA Y FRUTOS ROJOS,,Productos ,"$ 1.565,21","$1.893,91 "
371,,FRUTIGRAM CON CHIPS X250GRS,,Productos ,"$ 1.565,21","$1.893,91 "
381,,FRUTIGRAM SALVADO DULCE,,Productos ,"$ 818,24","$990,07 "
372,,FRUTIGRAM SEMILLAS X250GRS,,Productos ,"$ 1.029,23","$1.245,37 "
380,,FRUTIGRAM TROPICAL,,Productos ,"$ 1.565,21","$1.893,91 "
367,,FRUTIGRAN AVENA Y PASAS X250GRS,,Productos ,"$ 1.058,53","$1.280,82 "
538,,GRANIX CEREAL X185GR,,Productos ,"$ 529,00","$640,09 "
632,,GRANIX LINO X180GR,,Productos ,"$ 552,90","$669,01 "
498,,GRANIX SALVADO X270GRS,,Productos ,"$ 794,50","$961,34 "
500,,GRANIX SANDWICH 200GRS,,Productos ,"$ 647,32","$783,26 "
562,,GRANIX SESAMO X185GRS,,Productos ,"$ 552,90","$669,01 "
499,,GRANIX SIN SAL 185GRS,,Productos ,"$ 607,57","$735,16 "
379,,SKARCHITOS 240GRS,,Productos ,"$ 919,34","$1.112,40 "
512,,SKARCHITOS 3400 GRS,,Productos ,"$ 10.319,17","$12.486,19 "
133,,GRISSINOPOLI MALTEADOS 180GRS,,Productos ,"$ 633,96","$767,09 "
132,,GRISSINOPOLI SALVADO 180GRS,,Productos ,"$ 633,96","$767,09 "
836,,ALF. GUAYMALLEN DE ORO 48GRS,,Productos ,"$ 334,62","$404,89 "
973,,ALF. GUAYMALLEN PLATINO 50GRS BLANCO,,Productos ,"$ 479,18","$579,81 "
321,,ALFAJOR GUAYMALLEN BLANCO SIMPLE,,Productos ,"$ 182,79","$221,18 "
125,,ALFAJOR GUAYMALLEN FRUTA SIMPLE,,Productos ,"$ 31,46","$38,06 "
126,,ALFAJOR GUAYMALLEN NEGRO SIMPLE,,Productos ,"$ 182,79","$221,18 "
952,,GUAYMALLEN SIMPLE SIN CARGO,,Productos ,"$ 172,39","$208,59 "
124,,GUAYMALLEN TRIPLE BLANCO 70GRS,,Productos ,"$ 304,65","$368,63 "
334,,GUAYMALLEN TRIPLE FRUTA 70GRS,,Productos ,"$ 304,65","$368,63 "
320,,GUAYMALLEN TRIPLE NEGRO 70GRS,,Productos ,"$ 304,65","$368,63 "
484,,ENCENDEDORES CANDELA 25U,,Productos ,"$ 5.159,21","$6.242,65 "
427,,LAMPARAS LEDS 12W,,Productos ,"$ 861,82","$1.042,80 "
425,,LAMPARAS LEDS 7W,,Productos ,"$ 660,53","$799,24 "
426,,LAMPARAS LEDS 9W,,Productos ,"$ 694,64","$840,52 "
560,,PAÑUELITO CANDELA 6U,,Productos ,"$ 1.610,96","$1.949,26 "
735,,PAÑUELITO ELITE X6U,,Productos ,"$ 1.100,92","$1.332,11 "
718,,COPITOS JORGITOS 34GRS 12U,,Productos ,"$ 748,60","$905,81 "
680,,GALLINITA OBLEA 25U,,Productos ,"$ 2.632,34","$3.185,13 "
693,,HELADITOS OBLEA 25U,,Productos ,"$ 2.596,05","$3.141,22 "
365,,JUGO CLIGHT,,Productos ,"$ 4.741,61","$5.737,35 "
182,,JUGO DODI X15U,,Productos ,"$ 2.524,05","$3.054,10 "
307,,JUGO TANG,,Productos ,"$ 4.770,89","$5.772,78 "
183,,CAÑONCITOS KOKIS 200GRS,,Productos ,"$ 697,43","$843,89 "
184,,CAÑONCITOS KOKIS 500GRS,,Productos ,"$ 1.594,33","$1.929,14 "
185,,MEMBRILLITOS KOKIS 200GRS,,Productos ,"$ 697,43","$843,89 "
186,,MEMBRILLITOS KOKIS 500GRS,,Productos ,"$ 1.594,33","$1.929,14 "
925,,OBLEAS RECITAL 100GRS,,Productos ,"$ 397,22","$480,64 "
921,,ALF. LA DUQUESA NEGRO 80GRS,,Productos ,"$ 694,21","$840,00 "
779,,POST. KROOMY 10GRS 24U,,Productos ,"$ 2.603,46","$3.150,19 "
694,,JUGOS PEPITOS 160CC 18U,,Productos ,"$ 299,79","$362,74 "
911,,GALL. PROVIDENCIA CRACKERS 303GRS,,Productos ,"$ 707,83","$856,48 "
355,,LEIVA ARROZ 150GRS,,Productos ,"$ 842,45","$1.019,37 "
374,,LEIVA MARINERA SIN SAL,,Productos ,"$ 891,55","$1.078,78 "
410,,LEIVA SALVADO X345GRS,,Productos ,"$ 889,40","$1.076,18 "
373,,LEIVA SANDWICH LIGHT X3,,Productos ,"$ 879,42","$1.064,10 "
314,,LEIVA SANDWICH X3,,Productos ,"$ 834,90","$1.010,23 "
187,,CARAMELO PICO DULCE 450GRS 90U,,Productos ,"$ 3.984,61","$4.821,38 "
190,,CHUP. PICO DULCE 48U,,Productos ,"$ 6.574,51","$7.955,16 "
599,,CHUP. PITO PITO FRUTAL X24U,,Productos ,"$ 2.229,69","$2.697,93 "
188,,CHUPETON-CITO X12U,,Productos ,"$ 5.308,41","$6.423,18 "
189,,PICO DULCE MASTICABLE 500GRS 165U,,Productos ,"$ 2.718,99","$3.289,98 "
650,,POST. LHERITHIER 100GRS,,Productos ,"$ 615,36","$744,58 "
193,,ALKA ACIDOS/CREMOSO X800 GRS,,Productos ,"$ 6.277,28","$7.595,51 "
194,,ALKA FRUTILLA/MENTA/NEGRO X1KG,,Productos ,"$ 6.277,28","$7.595,51 "
922,,ALKA PASTILLAS 29.4 GRS 12U,,Productos ,"$ 2.081,47","$2.518,58 "
590,,BOMB. LIA SURTIDO ESPECIAL 223GRS,,Productos ,"$ 2.889,79","$3.496,65 "
823,,BOMBON. HAMLET 13GRS 30U,,Productos ,"$ 1.853,06","$2.242,20 "
195,,DANCING BOCADITOS X50U,,Productos ,"$ 4.744,40","$5.740,72 "
957,,GALL. CHOCOLIA 170GRS,,Productos ,"$ 662,81","$802,00 "
964,,GALL. SURTIDO LIA 400GRS,,Productos ,"$ 1.193,60","$1.444,25 "
206,,HAMLET 42GRS,,Productos ,"$ 461,69","$558,65 "
200,,HAMLET MEGA  170GRS,,Productos ,"$ 1.588,79","$1.922,44 "
212,,MEDIA TARDE 315GRS 14U TRIPACK,,Productos ,"$ 837,55","$1.013,44 "
211,,MEDIA TARDE SANDWICH 107GRS,,Productos ,"$ 911,98","$1.103,49 "
792,,OBLEA HAMLETON 28GRS 16U,,Productos ,"$ 5.499,97","$6.654,96 "
537,,POLVORITAS 81GRS,,Productos ,"$ 340,53","$412,04 "
208,,SAPITO ROSPO X24U,,Productos ,"$ 3.717,50","$4.498,17 "
210,,SURTIDO DESFILE 398GRS,,Productos ,"$ 1.193,60","$1.444,25 "
825,,VOCACION ACARAMELADA 145 GRS 30U,,Productos ,"$ 380,25","$460,10 "
213,,VOCACION ACARAMELADA 450GRS TRIPACK,,Productos ,"$ 1.296,09","$1.568,27 "
214,,VOCACION CLASICA 128GRS TRIPACK,,Productos ,"$ 1.267,24","$1.533,36 "
540,,CAR. SUPER ACIDO LIPO 454GRS,,Productos ,"$ 2.105,90","$2.548,14 "
181,,GAJITOS SURTIDOS LIPO 907GRS,,Productos ,"$ 3.603,71","$4.360,49 "
364,,TOST MANIERI C/CHIA,,Productos ,"$ 0,99","$1,20 "
915,,TOST. MANIERI DULCE 200GRS,,Productos ,"$ 641,11","$775,74 "
409,,TOST. MANIERI LIGHT,,Productos ,"$ 726,56","$879,14 "
330,,TOST. MANIERI SALADA 200GRS,,Productos ,"$ 641,11","$775,74 "
475,,TOST. MANIERI SALVADO,,Productos ,"$ 641,11","$775,74 "
423,,TOST. MANIERI SIN SAL,,Productos ,"$ 641,11","$775,74 "
130,,BANDEJA DE PALMERITAS 230GRS,,Productos ,"$ 1.373,12","$1.661,48 "
302,,NEVADITOS MANJARES 180GRS,,Productos ,"$ 698,35","$845,00 "
131,,PALMERITAS MINI 230GRS,,Productos ,"$ 975,79","$1.180,71 "
697,,PALMERITAS MINI X2KG,,Productos ,"$ 1.206,50","$1.459,87 "
110,,GALLETITAS DULCES MANOLITO 250GRS,,Productos ,"$ 380,26","$460,11 "
837,,CHUP. MARENGO CORAZON PINTA LENGUA 50U,,Productos ,"$ 2.658,20","$3.216,42 "
606,,CHUPALETA MULTICOLOR MARENGO 350GRS 24U,,Productos ,"$ 2.658,20","$3.216,42 "
549,,MARENGO EUCALIPTO,,Productos ,"$ 2.936,64","$3.553,33 "
114,,TOST. MARINOZZI DULCE 200GRS,,Productos ,"$ 736,35","$890,98 "
115,,TOST.MARINOZZI LIGHT 200GRS,,Productos ,"$ 736,35","$890,98 "
116,,TOST.MARINOZZI MESA 200GRS,,Productos ,"$ 736,35","$890,98 "
119,,TOST.MARINOZZI SALVADO 200GRS,,Productos ,"$ 736,35","$890,98 "
117,,TOST.MARINOZZI SEMILLA 200GRS,,Productos ,"$ 736,35","$890,98 "
118,,TOST.MARINOZZI SIN SAL 200GRS,,Productos ,"$ 736,35","$890,98 "
472,,FAUNA MAURI X400GRS,,Productos ,"$ 1.095,87","$1.326,00 "
471,,MAURI S/SAL 400GRS,,Productos ,"$ 1.402,07","$1.696,50 "
470,,VAINILLA MAURI 320GRS,,Productos ,"$ 1.364,46","$1.651,00 "
542,,VAINILLA MAURI X800GRS,,Productos ,"$ 425,11","$514,39 "
469,,VAINILLAS MAURI 160GRS,,Productos ,"$ 709,09","$858,00 "
548,,MENTITAS LA CASA 26GRS 12U,,Productos ,"$ 3.158,98","$3.822,36 "
338,,PASTILLITA BULL DOG 12U MIX,,Productos ,"$ 3.406,83","$4.122,26 "
969,,CHOC. MILKA 20GRS,,Productos ,"$ 606,60","$733,98 "
817,,CHOC. MILKA ALMENDRAS 55GRS,,Productos ,"$ 2.142,31","$2.592,20 "
818,,CHOC. MILKA BLANCO 55GRS,,Productos ,"$ 2.142,31","$2.592,20 "
816,,CHOC. MILKA CASTAÑAS 55GRS,,Productos ,"$ 2.142,31","$2.592,20 "
829,,CHOC. MILKA DDL 68GRS,,Productos ,"$ 1.569,40","$1.898,98 "
815,,CHOC. MILKA LECHE 55GRS,,Productos ,"$ 2.142,31","$2.592,20 "
976,,CHOC. MILKA LEGER ALMENDRAS 50GRS,,Productos ,"$ 2.067,30","$2.501,43 "
975,,CHOC. MILKA LEGER COMBINADO 50GRS,,Productos ,"$ 2.067,30","$2.501,43 "
820,,CHOC. MILKA LEGER LECHE 50GRS,,Productos ,"$ 2.067,30","$2.501,43 "
819,,CHOC. MILKA OREO BLANCO 55GRS,,Productos ,"$ 2.142,31","$2.592,20 "
828,,CHOC. SHOT 35GRS,,Productos ,"$ 752,88","$910,98 "
974,,KIT MILKA LEGER  (LEGER $2354.81 CP $1253.13),,Productos ,"$ 47.457,88","$57.424,03 "
179,,CAR. MASTICABLE MISKY 800GRS,,Productos ,"$ 3.893,76","$4.711,45 "
454,,CHERRY MISKY X465GRS,,Productos ,"$ 2.787,77","$3.373,20 "
387,,CHOC. MISKY 10U TAZA SEMI AMARGO,,Productos ,"$ 1.427,84","$1.727,69 "
174,,CHOCOLATE MISKY BLANCO/NEGRO 25GRS,,Productos ,"$ 537,55","$650,43 "
173,,CHOCOLATE MISKY BLANCO/NEGRO 50GRS,,Productos ,"$ 935,61","$1.132,09 "
175,,CHOCOLATE MISKY BLANCO/NEGRO 8GRS 20U,,Productos ,"$ 4.024,52","$4.869,67 "
349,,CHUP. COSMO 40U,,Productos ,"$ 2.756,44","$3.335,29 "
176,,GOM. MISKY EUCALIPTO 1KG,,Productos ,"$ 4.784,54","$5.789,29 "
177,,GOM. MISKY FANTASIA 1KG,,Productos ,"$ 4.784,54","$5.789,29 "
178,,GOM. MISKY JELLY ROL 1KG,,Productos ,"$ 4.784,54","$5.789,29 "
180,,TURRON MISKY 25GRS 50U,,Productos ,"$ 128,58","$155,58 "
135,,9 DE ORO AGRIDULCE 200GRS,,Productos ,"$ 556,56","$673,44 "
137,,9 DE ORO AZUCARADO 210GRS,,Productos ,"$ 556,56","$673,44 "
136,,9 DE ORO CLASICO 200GRS,,Productos ,"$ 556,56","$673,44 "
139,,9 DE ORO LIGHT 200GRS,,Productos ,"$ 530,07","$641,38 "
666,,9 DE ORO SALVADO 200GRS,,Productos ,"$ 530,07","$641,38 "
827,,GALL. 9 DE ORO ANILLITOS 120GRS VAINILLA,,Productos ,"$ 194,84","$235,75 "
871,,GALL. 9 DE ORO COOKIES C/ CHIPS DE CHOCOLATE 120GR,,Productos ,"$ 403,46","$488,19 "
803,,GALL. 9 DE ORO PEPAS MEMBRILLO 380GRS,,Productos ,"$ 1.101,44","$1.332,74 "
140,,PASEO CON SALVADO X300 GRS,,Productos ,"$ 780,57","$944,49 "
141,,PASEO CRACKERS X300GRS,,Productos ,"$ 626,74","$758,35 "
142,,PASEO MINIMARINERA X220GRS,,Productos ,"$ 427,35","$517,09 "
460,,PASEO MULTICEREAL X300GRS,,Productos ,"$ 779,80","$943,56 "
297,,PASEO SEMILLA X300GRS,,Productos ,"$ 779,80","$943,56 "
308,,PASEO SÉSAMO X300GRS,,Productos ,"$ 780,90","$944,89 "
143,,PASEO SIN SAL X300GRS,,Productos ,"$ 626,74","$758,35 "
218,,BELDENT X20U,,Productos ,"$ 9.041,86","$10.940,65 "
144,,BUBALOO X60U,,Productos ,"$ 4.346,53","$5.259,30 "
437,,CARAMELO 1/2 HORA 800GRS 200U,,Productos ,"$ 9.964,13","$12.056,60 "
714,,CHOC. CADBURY 72GRS ALMENDRAS,,Productos ,"$ 2.426,19","$2.935,69 "
715,,CHOC. CADBURY 82GRS TRES SUEÑOS,,Productos ,"$ 2.426,19","$2.935,69 "
716,,CHOC. CADBURY 82GRS YOGHURT FRUTILLA,,Productos ,"$ 2.426,19","$2.935,69 "
145,,HALLS X12U,,Productos ,"$ 6.383,06","$7.723,50 "
376,,MASITAS PEPITOS,,Productos ,"$ 1.126,83","$1.363,46 "
159,,MILKA ALFAJOR 70GRS,,Productos ,"$ 996,81","$1.206,14 "
740,,MINI OREO 50GRS,,Productos ,"$ 597,41","$722,87 "
160,,OREO ALFAJOR 55GRS,,Productos ,"$ 996,81","$1.206,14 "
924,,PALITO DE LA SELVA 480GRS CAJA,,Productos ,"$ 3.565,84","$4.314,67 "
158,,PEPITOS ALFAJOR X57GRS,,Productos ,"$ 996,81","$1.206,14 "
161,,TERRABUSI ALFAJOR X70GRS,,Productos ,"$ 996,81","$1.206,14 "
162,,TRISHOT ALFAJOR X60GRS,,Productos ,"$ 996,81","$1.206,14 "
340,,CELOSAS 350GRS,,Productos ,"$ 1.254,59","$1.518,05 "
351,,BANANA DOLCA 14GRS 16U,,Productos ,"$ 6.485,31","$7.847,22 "
497,,BANANA DOLCA 30GRS 16U,,Productos ,"$ 11.207,68","$13.561,29 "
847,,CHOC. NESTLE TABLETA C/ MANI 33GRS 15U,,Productos ,"$ 187,71","$227,13 "
622,,KIT KAT FINGER 41GRS 24U,,Productos ,"$ 920,96","$1.114,36 "
940,,ALF. NEVARES 40GRS 40U BLANCO,,Productos ,"$ 139,78","$169,13 "
941,,ALF. NEVARES 40GRS 40U NEGRO,,Productos ,"$ 139,78","$169,13 "
525,,ALFAJOR MOGY X38GR,,Productos ,"$ 156,95","$189,91 "
682,,BUDIN NEVARES FANTASIA 160GRS 10U,,Productos ,"$ 193,02","$233,56 "
972,,GALL. AIRES DE LUJAN 180GRS CHOCOLATE Y ALMENDRAS,,Productos ,"$ 570,01","$689,71 "
951,,GALL. PASTAFROLA AIRES DE LUJAN 50GRS,,Productos ,"$ 168,88","$204,35 "
519,,PIC NIC RELLENO DDL 35GRS 40U,,Productos ,"$ 172,55","$208,79 "
496,,RAPSODIA MINITORTA NEVARES 24U,,Productos ,"$ 301,77","$365,14 "
493,,TURRON DE MANI NEVARES 50U,,Productos ,"$ 112,40","$136,01 "
846,,GALL. NOGALI SANWICH 300GRS,,Productos ,"$ 663,45","$802,77 "
610,,BOMBOM OBLITA X30U,,Productos ,"$ 704,78","$852,79 "
895,,BOMBON OBLITA X30U,,Productos ,"$ 4.396,73","$5.320,04 "
377,,CUBANITOS OBLITA X48U,,Productos ,"$ 2.360,93","$2.856,72 "
406,,OBLEAS OBLITA 100GRS,,Productos ,"$ 468,55","$566,94 "
468,,OBLEAS OBLITA 50GRS,,Productos ,"$ 251,18","$303,93 "
556,,FRUTOMILA X100U,,Productos ,"$ 2.627,25","$3.178,97 "
683,,BATATA PEDRIN X70GRS,,Productos ,"$ 86,64","$104,83 "
401,,CHALITAS PEDRIN 300GRS,,Productos ,"$ 3.524,56","$4.264,72 "
399,,CHALITAS PEDRIN 40GRS,,Productos ,"$ 696,83","$843,17 "
383,,CHIZITOS PEDRIN 80GRS,,Productos ,"$ 738,65","$893,77 "
505,,CHIZITOS PEDRIN X550GRS,,Productos ,"$ 3.158,30","$3.821,54 "
388,,CONITOS PEDRIN X70GRS,,Productos ,"$ 322,26","$389,93 "
636,,MANI PELADO PEDRIN 1000GR,,Productos ,"$ 325,83","$394,25 "
390,,MANI SALADO PEDRIN 140GRS,,Productos ,"$ 860,98","$1.041,78 "
384,,PALITOS PEDRIN 180GRS,,Productos ,"$ 738,65","$893,77 "
638,,PALITOS PEDRIN 700GRS,,Productos ,"$ 2.431,79","$2.942,47 "
403,,PAPAS A LA CREMA PEDRIN X70GRS,,Productos ,"$ 1.461,06","$1.767,88 "
400,,PAPAS PEDRIN 700GRS,,Productos ,"$ 6.864,89","$8.306,52 "
382,,PAPAS PEDRIN 70GRS,,Productos ,"$ 950,29","$1.149,85 "
405,,PAPAS PEDRIN SABOR JAMON X70GRS,,Productos ,"$ 1.461,06","$1.767,88 "
404,,PAPAS PEDRIN SABOR PROVENZAL X70GRS,,Productos ,"$ 1.461,06","$1.767,88 "
434,,PIZZETIN PEDRIN 600GRS,,Productos ,"$ 3.796,22","$4.593,43 "
389,,PIZZINES PEDRIN,,Productos ,"$ 70,61","$85,44 "
463,,SURTIDO PEDRIN 120GRS,,Productos ,"$ 1.440,58","$1.743,10 "
862,,AVENA QUAKER TRADICIONAL 280GRS,,Productos ,"$ 674,54","$816,20 "
890,,CHEETOS ONDULADOS SABOR QUESO CREMA 85GRS,,Productos ,"$ 1.721,36","$2.082,85 "
657,,CHEETOS QUESO 43GRS,,Productos ,"$ 1.020,07","$1.234,28 "
670,,CHEETOS QUESO 85GRS,,Productos ,"$ 1.721,36","$2.082,85 "
661,,CONITOS 3DMEGA QUESO 43GRS,,Productos ,"$ 1.020,07","$1.234,28 "
676,,CONITOS 3DMEGA QUESO 92GRS,,Productos ,"$ 1.721,36","$2.082,85 "
868,,DORITOS DINAMITA FH 70GRS,,Productos ,"$ 1.721,36","$2.082,85 "
656,,DORITOS QUESO 45GRS,,Productos ,"$ 1.020,07","$1.234,28 "
669,,DORITOS QUESO 77GRS,,Productos ,"$ 1.721,36","$2.082,85 "
954,,DORITOS SWEET CHILI 74GRS,,Productos ,"$ 1.721,36","$2.082,85 "
802,,LAYS CHEDDAR 85GRS,,Productos ,"$ 1.721,36","$2.082,85 "
658,,LAYS CLASICAS 45GRS,,Productos ,"$ 1.020,07","$1.234,28 "
674,,LAYS CLASICAS 85GRS,,Productos ,"$ 1.721,36","$2.082,85 "
880,,LAYS FLAMIN HOT 70GRS,,Productos ,"$ 1.721,36","$2.082,85 "
773,,LAYS JAMON SERRANO 85GRS,,Productos ,"$ 1.721,36","$2.082,85 "
772,,LAYS KETCHUP 77GRS,,Productos ,"$ 1.721,36","$2.082,85 "
916,,LAYS MOSTAZA Y MIEL 77GRS,,Productos ,"$ 1.721,36","$2.082,85 "
917,,LAYS PROVOLETA 77GRS,,Productos ,"$ 1.721,36","$2.082,85 "
729,,LAYS QUESO CREMA Y CEBOLLA 77GRS,,Productos ,"$ 1.721,36","$2.082,85 "
678,,PEHUAMAR MAICITOS 125GRS,,Productos ,"$ 1.657,62","$2.005,72 "
726,,PEHUAMAR PAPAS ACANALADAS 80GRS,,Productos ,"$ 1.275,08","$1.542,85 "
727,,PEHUAMAR PAPAS LISA 80GRS,,Productos ,"$ 1.275,08","$1.542,85 "
659,,PEP RUEDITAS 74GRS,,Productos ,"$ 1.020,07","$1.234,28 "
559,,TODDY GALLETAS X126GRS,,Productos ,"$ 153,71","$185,99 "
671,,TWISTOS MINI 100GRS,,Productos ,"$ 1.721,36","$2.082,85 "
765,,ALMOHADITAS DE CEREAL PETI SABOR AVELLANAS 150GRS,,Productos ,"$ 1.235,54","$1.495,00 "
766,,ALMOHADITAS DE CEREAL PETI SABOR CHOCOLATE 150GRS,,Productos ,"$ 1.235,54","$1.495,00 "
764,,ALMOHADITAS DE CEREAL PETI SABOR FRUTILLA 150GRS,,Productos ,"$ 1.235,54","$1.495,00 "
768,,ALMOHADITAS PETI SABOR FRUTILLA 1KG,,Productos ,"$ 1.157,54","$1.400,62 "
754,,CHALITAS SABOR PIZZA PETI 60GRS,,Productos ,"$ 644,63","$780,00 "
759,,CHEDDITAS PETI SABOR CHEDDAR 50GRS,,Productos ,"$ 586,61","$709,80 "
959,,CHEESE PETI SABOR KETCHUP 60GRS,,Productos ,"$ 623,14","$754,00 "
961,,CHEESE SABOR KETCHUP PETI 80GRS,,Productos ,"$ 623,14","$754,00 "
752,,CHIZITOS SABOR QUESO PETI 80GRS,,Productos ,"$ 586,61","$709,80 "
755,,MANI C/ CASCARA PETI 200GRS,,Productos ,"$ 1.342,98","$1.625,00 "
757,,MANI SABORIZADO PETI 90GRS,,Productos ,"$ 744,55","$900,90 "
756,,MANI SALADO PELADO PETI 130GRS,,Productos ,"$ 983,06","$1.189,50 "
751,,PALITOS SALADOS JAMON SERRANO PETI 150GRS,,Productos ,"$ 885,29","$1.071,20 "
750,,PALITOS SALADOS PETI 150GRS,,Productos ,"$ 834,79","$1.010,10 "
960,,PALITOS SALADOS SABOR SALAME PETI 150GRS,,Productos ,"$ 885,29","$1.071,20 "
748,,PAPAS FRITAS CLASICA PETI 75GRS,,Productos ,"$ 1.049,67","$1.270,10 "
749,,PAPAS JAMON SERRANO PETI 70GRS,,Productos ,"$ 1.150,66","$1.392,30 "
753,,PIZZITAS SABOR PIZZA PETI 65GRS,,Productos ,"$ 553,31","$669,50 "
762,,PUFLITOS PETI 80GRS,,Productos ,"$ 504,96","$611,00 "
761,,TOSTADAS DE ARROZ PETI 120GRS,,Productos ,"$ 1.079,75","$1.306,50 "
758,,TUBITOON PETI SABOR JAMON SERRANO Y BBQ 60GRS,,Productos ,"$ 564,05","$682,50 "
760,,TUTUCAS PETI 65GRS,,Productos ,"$ 541,49","$655,20 "
428,,ENERGIZER AA 4U,,Productos ,"$ 2.768,45","$3.349,82 "
429,,ENERGIZER AAA 4U,,Productos ,"$ 2.768,45","$3.349,82 "
721,,ENERGIZER BATERIA 9V,,Productos ,"$ 363,39","$439,70 "
653,,ENERGIZER C2 X2U,,Productos ,"$ 1.201,31","$1.453,58 "
430,,ENERGIZER GRANDE D2 X2U,,Productos ,"$ 5.636,71","$6.820,42 "
665,,EVEREADY C2  2U,,Productos ,"$ 535,20","$647,59 "
431,,EVEREDY AA X4U,,Productos ,"$ 1.967,29","$2.380,42 "
432,,EVEREDY AAA X2U,,Productos ,"$ 1.017,72","$1.231,44 "
433,,EVEREDY GRANDE D2 X2U,,Productos ,"$ 2.552,74","$3.088,82 "
946,,PIPAS CRACK TALITAS 100GRS,,Productos ,"$ 700,55","$847,67 "
927,,PIPAS GIGANTES EN TIRA 10U,,Productos ,"$ 1.909,07","$2.309,98 "
407,,PIPAS GIGANTES GIRASOL 12U,,Productos ,"$ 5.909,91","$7.150,99 "
352,,PIPAS SEMILLITAS GIRASOL 30U,,Productos ,"$ 5.417,98","$6.555,76 "
461,,PIPAS SNACKS GIGANTE X150GRS,,Productos ,"$ 1.599,02","$1.934,82 "
504,,GELATINAS TREMBLY 6U 1TIRA,,Productos ,"$ 634,02","$767,17 "
724,,BOMBON LICOR PLENARIO,,Productos ,"$ 929,56","$1.124,77 "
598,,GOM. PLENARIO BANANITAS 800GRS,,Productos ,"$ 4.685,83","$5.669,85 "
356,,GOMIS PLENARIO X700GRS POTE,,Productos ,"$ 5.370,96","$6.498,86 "
396,,LENTEJAS DE CHOCOLATE X800GRS,,Productos ,"$ 15.156,20","$18.339,00 "
29,,MANI SABORIZADO PREMIER 1000 GRS,,Productos ,"$ 3.607,44","$4.365,00 "
517,,MANI SALADO PREMIER X1000GRS,,Productos ,"$ 3.719,01","$4.500,00 "
102,,MANI VAINA PREMIER X1000GRS,,Productos ,"$ 3.607,44","$4.365,00 "
192,,PROF. PRIME 3U,,Productos ,"$ 1.668,09","$2.018,39 "
967,,ALF. RASTA BLANCO 70GRS,,Productos ,"$ 743,86","$900,07 "
968,,ALF. RASTA NEGRO 70GRS,,Productos ,"$ 743,86","$900,07 "
720,,TOST RIERA MULTISEMILLA,,Productos ,"$ 781,31","$945,38 "
711,,TOST. RIERA DULCE,,Productos ,"$ 781,31","$945,38 "
672,,TOST. RIERA INTEGRAL 200GRS,,Productos ,"$ 836,00","$1.011,56 "
663,,TOST. RIERA LIGHT 200GRS,,Productos ,"$ 1.007,84","$1.219,49 "
662,,TOST. RIERA MESA 200GRS,,Productos ,"$ 836,00","$1.011,56 "
717,,TOST. RIERA SIN SAL 225GRS,,Productos ,"$ 781,31","$945,38 "
681,,MIELCITA RIVERA 50U CHICA,,Productos ,"$ 383,53","$464,07 "
791,,GALL. EKIN SOLITAS 300GRS 14U CHOCOLATE,,Productos ,"$ 969,74","$1.173,38 "
600,,MINI ALFAJOR SOLITAS 160GRS,,Productos ,"$ 1.126,94","$1.363,60 "
215,,MINI ALFAJOR SOLITAS 300GRS,,Productos ,"$ 1.921,47","$2.324,98 "
216,,BAZOOKA BANANA/MENTA X120U,,Productos ,"$ 3.966,26","$4.799,17 "
217,,BAZOOKA TUTI FRUTA X120U,,Productos ,"$ 3.966,26","$4.799,17 "
813,,CHUP. PALITO DE LA SELVA 18GRS 24U,,Productos ,"$ 1.472,84","$1.782,14 "
197,,PALITOS DE LA SELVA MASTICABLE X120U,,Productos ,"$ 5.178,50","$6.265,99 "
165,,SUGUS CONFITADO  50GRS,,Productos ,"$ 737,36","$892,20 "
164,,SUGUS MASTICABLE SURTIDOS 700GRS,,Productos ,"$ 4.411,23","$5.337,59 "
163,,SUGUS MAX 70U,,Productos ,"$ 3.758,45","$4.547,73 "
886,,BOMBON MILKA OREO 19GRS,,Productos ,"$ 350,28","$423,84 "
881,,BOX SAN VALENTIN CHICO,,Productos ,"$ 4.276,85","$5.174,99 "
882,,BOX SAN VALENTIN GRANDE,,Productos ,"$ 5.617,82","$6.797,56 "
887,,CHOC. MILKA AVELLANAS ENTERA 100GRS 17U,,Productos ,"$ 2.694,73","$3.260,62 "
885,,CHOC. MILKA CHOCO PAUSE 45GRS,,Productos ,"$ 1.249,55","$1.511,95 "
891,,CHOC. MILKA COCOA 90GRS 20U,,Productos ,"$ 2.625,01","$3.176,26 "
888,,CHOC. MILKA OREO 100GRS 22U,,Productos ,"$ 2.694,73","$3.260,62 "
912,,CHOC. MILKA OREO BROWNIE 100GRS,,Productos ,"$ 2.694,73","$3.260,62 "
889,,CHOC. MILKA TRIPLE CARAMELO 90GRS 20U,,Productos ,"$ 2.524,05","$3.054,10 "
913,,CHOC. SHOT 90GRS,,Productos ,"$ 1.334,87","$1.615,19 "
948,,JUGO CLIGHT LIMONADA STEVIA,,Productos ,"$ 3.793,30","$4.589,89 "
962,,KIT MILKA CHOCOLATES (55GRS $2033.48 20GRS 733.98),,Productos ,"$ 37.402,17","$45.256,63 "
884,,MANTECOL BAÑADO 20GRS,,Productos ,"$ 342,07","$413,90 "
867,,MANTECOL LINGOTE 500GRS,,Productos ,"$ 4.432,17","$5.362,92 "
305,,MASITAS OREO 118GRS,,Productos ,"$ 1.222,34","$1.479,03 "
821,,MASITAS OREO BAÑADA BOLSA 7U,,Productos ,"$ 658,67","$797,00 "
877,,MASITAS OREO CHOCOLATE 118GRS,,Productos ,"$ 859,29","$1.039,74 "
879,,MASITAS OREO FRUTILLA 118GRS,,Productos ,"$ 859,29","$1.039,74 "
878,,MASITAS OREO GOLDEN 118GRS,,Productos ,"$ 859,29","$1.039,74 "
897,,MASITAS OREO SIN TACC 95GRS,,Productos ,"$ 1.125,95","$1.362,40 "
851,,MINI PEPITOS 50GRS,,Productos ,"$ 597,41","$722,87 "
723,,MINI RHODESIA 45GRS,,Productos ,"$ 1.235,11","$1.494,48 "
121,,RHODESIA X36U,,Productos ,"$ 593,27","$717,86 "
120,,TITA X36 U,,Productos ,"$ 520,07","$629,29 "
486,,VARIEDAD CHOCOLATE TERRABUSSI,,Productos ,"$ 1.819,09","$2.201,10 "
485,,VARIEDAD DORADA TERRABUSSI,,Productos ,"$ 1.819,09","$2.201,10 "
122,,VARIEDAD TERRABUSSI  MIX 390GRS,,Productos ,"$ 1.649,42","$1.995,80 "
103,,PALITOS TIN,,Productos ,"$ 791,60","$957,84 "
436,,JUGUITOS TINCHO X25U,,Productos ,"$ 2.169,42","$2.625,00 "
923,,BOLITAS CAMPEONES DEL MUNDO TINKA 12U + 3U BOLÓN,,Productos ,"$ 2.247,35","$2.719,29 "
453,,GALL. CHOCOLATINA TRIO 300GRS,,Productos ,"$ 1.048,13","$1.268,24 "
541,,GALL. OSKITOS BAÑADOS TRIO 300GRS,,Productos ,"$ 1.048,13","$1.268,24 "
521,,GALL. PEPAS CHOCOTRIO 300GRS,,Productos ,"$ 1.048,13","$1.268,24 "
903,,GALL. TRIO ANILLOS COCO 300GRS,,Productos ,"$ 743,80","$899,99 "
902,,GALL. TRIO ANILLOS LIMON 300GRS,,Productos ,"$ 743,80","$899,99 "
905,,GALL. TRIO BESITOS 300GRS,,Productos ,"$ 743,80","$899,99 "
844,,GALL. TRIO FROLITAS 300GRS,,Productos ,"$ 743,80","$899,99 "
840,,GALL. TRIO FROLITAS BATATA 300GRS,,Productos ,"$ 743,80","$899,99 "
838,,GALL. TRIO GLASY 300GRS,,Productos ,"$ 743,80","$899,99 "
901,,GALL. TRIO KRUMIRI 300GRS,,Productos ,"$ 743,80","$899,99 "
900,,GALL. TRIO LINGUINI 300GRS,,Productos ,"$ 743,80","$899,99 "
908,,GALL. TRIO MARQUISE 300GRS,,Productos ,"$ 743,80","$899,99 "
909,,GALL. TRIO MINI PEPAS 300GRS,,Productos ,"$ 774,79","$937,50 "
841,,GALL. TRIO PEPAS ALEMANA 300GRS,,Productos ,"$ 743,80","$899,99 "
627,,GALL. TRIO PEPAS C/ MEMBRILLO 300GRS,,Productos ,"$ 743,80","$899,99 "
842,,GALL. TRIO PEPAS C/CHIPS 300GRS,,Productos ,"$ 743,80","$899,99 "
910,,GALL. TRIO PEPONAS 300GRS,,Productos ,"$ 743,80","$899,99 "
899,,GALL. TRIO SCONS 320GRS,,Productos ,"$ 743,80","$899,99 "
904,,GALL. TRIO SURTIDAS VARIETTE 350GRS,,Productos ,"$ 743,80","$899,99 "
906,,GALL. TRIO TARTELETTE FRUTILLA 300GRS,,Productos ,"$ 743,80","$899,99 "
907,,GALL. TRIO TARTELETTE FRUTOS DEL BOSQUE 300GRS,,Productos ,"$ 743,80","$899,99 "
843,,GALL. TRIO TRICHIPS 300GRS,,Productos ,"$ 743,80","$899,99 "
839,,GALL. TRIO TRICHOC 300GRS,,Productos ,"$ 743,80","$899,99 "
929,,PROF. TULIPAN 3U,,Productos ,"$ 1.107,30","$1.339,83 "
127,,COPITOS DULCE DE LECHE TURIMAR,,Productos ,"$ 4.035,09","$4.882,46 "
864,,GALL. TURIMAR SURTIDAS 350GRS,,Productos ,"$ 895,77","$1.083,88 "
128,,TURIMAR CHIPS 400GRS,,Productos ,"$ 1.367,76","$1.654,99 "
737,,MEREMBON 12U,,Productos ,"$ 1.622,86","$1.963,66 "
357,,MERENGUITOS BLANCOS/COLOR,,Productos ,"$ 600,68","$726,82 "
570,,MERENKOA X10U,,Productos ,"$ 3.365,64","$4.072,42 "
607,,PITILLOS URQUIZA 200GRS,,Productos ,"$ 1.402,93","$1.697,55 "
527,,PITILLOS URQUIZA X 1.5KG,,Productos ,"$ 8.930,84","$10.806,32 "
788,,TALITAS BRURIN AJO/OLIVA 15U 100GRS,,Productos ,"$ 635,03","$768,39 "
790,,TALITAS BRURIN BARBACOA 15U 100GRS,,Productos ,"$ 635,03","$768,39 "
786,,TALITAS BRURIN CEBOLLA 15U 100GRS,,Productos ,"$ 635,03","$768,39 "
787,,TALITAS BRURIN CHEDDAR 15U 100GRS,,Productos ,"$ 635,03","$768,39 "
782,,TALITAS BRURIN CLASICA 13U 100GRS,,Productos ,"$ 635,03","$768,39 "
784,,TALITAS BRURIN JAMON 15U 100GRS,,Productos ,"$ 635,03","$768,39 "
785,,TALITAS BRURIN PIZZA 15U 100GRS,,Productos ,"$ 635,03","$768,39 "
783,,TALITAS BRURIN QUESO 15U 100GRS,,Productos ,"$ 635,03","$768,39 "
789,,TALITAS BRURIN SALAME 15U 100GRS,,Productos ,"$ 635,03","$768,39 "
943,,BENGALAS FUEGOLANDIA 4U,,Productos ,"$ 865,66","$1.047,45 "
555,,BOCADITOS BEL SURTIDO X50U,,Productos ,"$ 3.558,48","$4.305,76 "
439,,BOMBUCHAS CANDELA X100U,,Productos ,"$ 176,95","$214,11 "
947,,CAJA NAVIDEÑA Nº3,,Productos ,"$ 28.630,58","$34.643,00 "
763,,COPITOS PABLITO 2KG,,Productos ,"$ 1.718,18","$2.079,00 "
926,,FOSFOROS TRES PATITOS,,Productos ,"$ 383,36","$463,87 "
655,,GARRAPIÑADA DULCE POSADA X100GRS 36U,,Productos ,"$ 216,38","$261,82 "
438,,GLOBOS LISO 50U,,Productos ,"$ 1.731,31","$2.094,89 "
795,,TURRON CROCANTE DULCE POSADA 90GRS,,Productos ,"$ 72,49","$87,71 "
651,,TURRON MANI DULCE POSADA 90GRS X35U,,Productos ,"$ 207,09","$250,58 "
730,,ALF. VAUQUITA 75GRS BLANCO,,Productos ,"$ 67,55","$81,73 "
731,,ALF. VAUQUITA 75GRS CAPUCCINO,,Productos ,"$ 67,55","$81,73 "
732,,ALF. VAUQUITA 75GRS NEGRO,,Productos ,"$ 67,55","$81,73 "
594,,CHOC. VAUQUITA 35GRS X12U,,Productos ,"$ 47,34","$57,28 "
554,,COPITOS VIMAR X12U,,Productos ,"$ 0,83","$1,00 "
332,,HOJALMAR BASTON X150GRS,,Productos ,"$ 713,49","$863,32 "
148,,HOJALMAR BASTON X250 GRS,,Productos ,"$ 1.049,14","$1.269,46 "
147,,HOJALMAR TRIANGULOS 250GRS,,Productos ,"$ 1.049,14","$1.269,46 "
774,,RONDA HOJALDRE X150GRS LARGUITAS,,Productos ,"$ 454,75","$550,25 "
333,,RONDA HOJALDRE X150GRS TRIANGULITO,,Productos ,"$ 606,34","$733,67 "
317,,COCO PARNOR 400GRS,,Productos ,"$ 1.239,12","$1.499,34 "
932,,COQUITOS PARNOR 170GRS,,Productos ,"$ 480,46","$581,36 "
958,,COQUITOS PARNOR 170GRS SIN CARGO,,Productos ,"$ 480,46","$581,36 "
931,,MOROCHITAS PARNOR 140GRS,,Productos ,"$ 480,46","$581,36 "
299,,MOROCHITAS PARNOR 360GRS,,Productos ,"$ 1.239,12","$1.499,34 "
533,,MOROCHITAS X 4.5 KG,,Productos ,"$ 14.530,08","$17.581,40 "
809,,PEPITAS PARNOR SUELTA,,Productos ,"$ 2.891,24","$3.498,40 "
167,,PITUSAS 160GRS,,Productos ,"$ 590,74","$714,79 "
166,,PITUSAS 300GRS,,Productos ,"$ 1.056,30","$1.278,12 "
634,,PITUSAS CAJA 4KG SUELTAS,,Productos ,"$ 13.087,31","$15.835,64 "
914,,PITUSAS MERENGUE 160GRS,,Productos ,"$ 546,98","$661,85 "